Date,Open,High,Low,Close,Volume,Adj Close
2013-05-20 00:00:00.005,2.74,2.74,2.71,2.73,7525760.0,2.73
2013-05-21 00:00:00.005,2.72,2.74,2.71,2.74,5830726.0,2.74
2013-05-22 00:00:00.005,2.74,2.78,2.73,2.74,7475149.0,2.74
2013-05-23 00:00:00.005,2.73,2.8,2.72,2.75,10785749.0,2.75
2013-05-24 00:00:00.005,2.75,2.87,2.74,2.81,13836951.0,2.81
2013-05-27 00:00:00.005,2.79,2.81,2.76,2.78,6824422.0,2.78
2013-05-28 00:00:00.005,2.78,2.82,2.76,2.81,9364181.0,2.81
2013-05-29 00:00:00.005,2.82,2.84,2.81,2.82,8725071.0,2.82
2013-05-30 00:00:00.005,2.81,2.82,2.77,2.8,7575884.0,2.8
2013-05-31 00:00:00.005,2.8,2.8,2.74,2.75,5851040.0,2.75
2013-06-03 00:00:00.005,2.75,2.78,2.73,2.76,3982951.0,2.76
2013-06-04 00:00:00.005,2.76,2.77,2.7,2.7,3743375.0,2.7
2013-06-05 00:00:00.005,2.71,2.72,2.7,2.71,2754459.0,2.71
2013-06-06 00:00:00.005,2.7,2.71,2.65,2.66,3298699.0,2.66
2013-06-07 00:00:00.005,2.66,2.68,2.62,2.62,2997550.0,2.62
2013-06-13 00:00:00.005,2.62,2.62,2.52,2.55,3694345.0,2.55
2013-06-14 00:00:00.005,2.55,2.58,2.54,2.56,2081565.0,2.56
2013-06-17 00:00:00.005,2.57,2.58,2.53,2.57,1785596.0,2.57
2013-06-18 00:00:00.005,2.58,2.58,2.55,2.58,1819695.0,2.58
2013-06-19 00:00:00.005,2.57,2.57,2.5,2.55,3049964.0,2.55
2013-06-20 00:00:00.005,2.56,2.56,2.47,2.48,2028955.0,2.48
2013-06-21 00:00:00.005,2.46,2.46,2.36,2.43,3145771.0,2.43
2013-06-24 00:00:00.005,2.43,2.43,2.26,2.28,3612019.0,2.28
2013-06-25 00:00:00.005,2.28,2.28,2.05,2.21,4429292.0,2.21
2013-06-26 00:00:00.005,2.22,2.23,2.15,2.2,2950867.0,2.2
2013-06-27 00:00:00.005,2.2,2.41,2.2,2.28,8224463.0,2.28
2013-06-28 00:00:00.005,2.26,2.35,2.22,2.28,7610983.0,2.28
2013-07-01 00:00:00.005,2.27,2.28,2.22,2.27,3731470.0,2.27
2013-07-02 00:00:00.005,2.26,2.28,2.23,2.26,2618615.0,2.26
2013-07-03 00:00:00.005,2.26,2.26,2.19,2.22,3318426.0,2.22
2013-07-04 00:00:00.005,2.22,2.28,2.19,2.26,3983267.0,2.26
2013-07-05 00:00:00.005,2.26,2.31,2.26,2.26,2821365.0,2.26
2013-07-08 00:00:00.005,2.26,2.26,2.16,2.17,3100475.0,2.17
2013-07-09 00:00:00.005,2.17,2.2,2.16,2.18,1638053.0,2.18
2013-07-10 00:00:00.005,2.19,2.25,2.17,2.25,3901107.0,2.25
2013-07-11 00:00:00.005,2.24,2.32,2.23,2.31,6416968.0,2.31
2013-07-12 00:00:00.005,2.31,2.37,2.28,2.28,5104267.0,2.28
2013-07-15 00:00:00.005,2.28,2.33,2.27,2.3,4031964.0,2.3
2013-07-16 00:00:00.005,2.31,2.32,2.28,2.32,3699286.0,2.32
2013-07-17 00:00:00.005,2.31,2.39,2.29,2.34,7991797.0,2.34
2013-07-18 00:00:00.005,2.34,2.34,2.28,2.28,3631340.0,2.28
2013-07-19 00:00:00.005,2.29,2.29,2.21,2.22,4726001.0,2.22
2013-07-22 00:00:00.005,2.21,2.22,2.15,2.22,2043775.0,2.22
2013-07-23 00:00:00.005,2.22,2.28,2.21,2.27,3183871.0,2.27
2013-07-24 00:00:00.005,2.26,2.27,2.2,2.23,4016239.0,2.23
2013-07-25 00:00:00.005,2.23,2.25,2.22,2.24,2908467.0,2.24
2013-07-26 00:00:00.005,2.24,2.25,2.2,2.24,3148253.0,2.24
2013-07-29 00:00:00.005,2.23,2.23,2.17,2.18,2691500.0,2.18
2013-07-30 00:00:00.005,2.18,2.21,2.16,2.18,2073600.0,2.18
2013-07-31 00:00:00.005,2.2,2.26,2.18,2.19,3706680.0,2.19
2013-08-01 00:00:00.005,2.18,2.23,2.18,2.23,3643858.0,2.23
2013-08-02 00:00:00.005,2.24,2.27,2.23,2.25,5392597.0,2.25
2013-08-05 00:00:00.005,2.25,2.27,2.22,2.27,3324690.0,2.27
2013-08-06 00:00:00.005,2.25,2.29,2.25,2.29,4717139.0,2.29
2013-08-07 00:00:00.005,2.28,2.3,2.26,2.27,6543339.0,2.27
2013-08-08 00:00:00.005,2.27,2.28,2.25,2.26,3187119.0,2.26
2013-08-09 00:00:00.005,2.26,2.27,2.22,2.26,3984021.0,2.26
2013-08-12 00:00:00.005,2.26,2.32,2.25,2.31,7870536.0,2.31
2013-08-13 00:00:00.005,2.3,2.35,2.29,2.35,8839239.0,2.35
2013-08-14 00:00:00.005,2.34,2.36,2.3,2.32,6343626.0,2.32
2013-08-15 00:00:00.005,2.31,2.32,2.27,2.28,3620900.0,2.28
2013-08-16 00:00:00.005,2.26,2.33,2.25,2.26,6137989.0,2.26
2013-08-19 00:00:00.005,2.22,2.27,2.22,2.27,2778234.0,2.27
2013-08-20 00:00:00.005,2.27,2.28,2.24,2.25,3016442.0,2.25
2013-08-21 00:00:00.005,2.25,2.27,2.23,2.27,2734807.0,2.27
2013-08-22 00:00:00.005,2.26,2.47,2.25,2.33,16221064.0,2.33
2013-08-23 00:00:00.005,2.3,2.32,2.25,2.27,8513898.0,2.27
2013-08-26 00:00:00.005,2.25,2.31,2.25,2.31,5927513.0,2.31
2013-08-27 00:00:00.005,2.3,2.4,2.3,2.35,11807269.0,2.35
2013-08-28 00:00:00.005,2.32,2.45,2.31,2.4,16401374.0,2.4
2013-08-29 00:00:00.005,2.39,2.64,2.38,2.62,54218898.0,2.62
2013-08-30 00:00:00.005,2.55,2.64,2.51,2.57,32461065.0,2.57
2013-09-02 00:00:00.005,2.56,2.59,2.38,2.44,20362075.0,2.44
2013-09-03 00:00:00.005,2.48,2.52,2.44,2.51,14527936.0,2.51
2013-09-04 00:00:00.005,2.51,2.55,2.44,2.47,12374534.0,2.47
2013-09-05 00:00:00.005,2.47,2.49,2.4,2.42,9931933.0,2.42
2013-09-06 00:00:00.005,2.41,2.47,2.4,2.45,8728833.0,2.45
2013-09-09 00:00:00.005,2.45,2.54,2.43,2.5,15101434.0,2.5
2013-09-10 00:00:00.005,2.49,2.63,2.47,2.59,23354390.0,2.59
2013-09-11 00:00:00.005,2.57,2.61,2.54,2.56,15278119.0,2.56
2013-09-12 00:00:00.005,2.55,2.62,2.51,2.58,12090086.0,2.58
2013-09-13 00:00:00.005,2.57,2.75,2.49,2.69,27950896.0,2.69
2013-09-16 00:00:00.005,2.66,2.7,2.6,2.61,18576644.0,2.61
2013-09-17 00:00:00.005,2.61,2.66,2.53,2.55,10287692.0,2.55
2013-09-18 00:00:00.005,2.53,2.56,2.51,2.54,4810917.0,2.54
2013-09-23 00:00:00.005,2.55,2.58,2.53,2.56,5932546.0,2.56
2013-09-24 00:00:00.005,2.56,2.57,2.5,2.53,6257799.0,2.53
2013-09-25 00:00:00.005,2.52,2.55,2.5,2.5,6089455.0,2.5
2013-09-26 00:00:00.005,2.51,2.51,2.41,2.42,6345700.0,2.42
2013-09-27 00:00:00.005,2.41,2.46,2.41,2.44,2992724.0,2.44
2013-09-30 00:00:00.005,2.44,2.48,2.44,2.46,2980793.0,2.46
2013-10-08 00:00:00.005,2.45,2.51,2.43,2.51,3813956.0,2.51
2013-10-09 00:00:00.005,2.5,2.59,2.48,2.57,9283492.0,2.57
2013-10-10 00:00:00.005,2.55,2.83,2.55,2.83,55078601.0,2.83
2013-10-11 00:00:00.005,2.78,2.93,2.7,2.83,58394995.0,2.83
2013-10-14 00:00:00.005,2.78,2.93,2.74,2.83,31909362.0,2.83
2013-10-15 00:00:00.005,2.81,2.96,2.77,2.93,40611300.0,2.93
2013-10-16 00:00:00.005,2.88,2.88,2.74,2.8,20799286.0,2.8
2013-10-17 00:00:00.005,2.79,2.84,2.73,2.75,14191006.0,2.75
2013-10-18 00:00:00.005,2.74,2.8,2.74,2.75,7545946.0,2.75
2013-10-21 00:00:00.005,2.75,2.78,2.71,2.78,9700953.0,2.78
2013-10-22 00:00:00.005,2.78,2.8,2.72,2.78,11609403.0,2.78
2013-10-23 00:00:00.005,2.76,2.8,2.67,2.67,12665053.0,2.67
2013-10-24 00:00:00.005,2.66,2.74,2.65,2.68,6520297.0,2.68
2013-10-25 00:00:00.005,2.72,2.74,2.65,2.7,5671151.0,2.7
2013-10-28 00:00:00.005,2.69,2.76,2.68,2.75,7379837.0,2.75
2013-10-29 00:00:00.005,2.75,2.78,2.54,2.65,12258157.0,2.65
2013-10-30 00:00:00.005,2.65,2.66,2.56,2.64,8099010.0,2.64
2013-10-31 00:00:00.005,2.65,2.73,2.63,2.65,8940968.0,2.65
2013-11-01 00:00:00.005,2.62,2.62,2.53,2.58,6560043.0,2.58
2013-11-04 00:00:00.005,2.57,2.61,2.57,2.6,4185442.0,2.6
2013-11-05 00:00:00.005,2.59,2.63,2.55,2.61,4601544.0,2.61
2013-11-06 00:00:00.005,2.6,2.69,2.58,2.63,7728686.0,2.63
2013-11-07 00:00:00.005,2.61,2.68,2.59,2.66,7120887.0,2.66
2013-11-08 00:00:00.005,2.64,2.66,2.57,2.57,6722799.0,2.57
2013-11-11 00:00:00.005,2.58,2.58,2.54,2.56,3598494.0,2.56
2013-11-12 00:00:00.005,2.56,2.63,2.56,2.59,4671493.0,2.59
2013-11-13 00:00:00.005,2.58,2.58,2.5,2.51,6023833.0,2.51
2013-11-14 00:00:00.005,2.5,2.52,2.45,2.5,5238666.0,2.5
2013-11-15 00:00:00.005,2.48,2.57,2.48,2.55,6114075.0,2.55
2013-11-18 00:00:00.005,2.55,2.61,2.55,2.6,7999956.0,2.6
2013-11-19 00:00:00.005,2.59,2.7,2.58,2.65,12550263.0,2.65
2013-11-20 00:00:00.005,2.65,2.66,2.61,2.64,7511448.0,2.64
2013-11-21 00:00:00.005,2.63,2.86,2.6,2.75,25812578.0,2.75
2013-11-22 00:00:00.005,2.75,2.76,2.68,2.73,15540077.0,2.73
2013-11-25 00:00:00.005,2.71,2.85,2.69,2.72,15419460.0,2.72
2013-11-26 00:00:00.005,2.72,2.73,2.61,2.65,11415840.0,2.65
2013-11-27 00:00:00.005,2.64,2.67,2.62,2.65,7386593.0,2.65
2013-11-28 00:00:00.005,2.65,2.69,2.64,2.65,7559112.0,2.65
2013-11-29 00:00:00.005,2.65,2.68,2.62,2.66,5414051.0,2.66
2013-12-02 00:00:00.005,2.64,2.65,2.51,2.55,9277123.0,2.55
2013-12-03 00:00:00.005,2.54,2.59,2.52,2.58,4494267.0,2.58
2013-12-04 00:00:00.005,2.58,2.64,2.57,2.62,6871446.0,2.62
2013-12-05 00:00:00.005,2.62,2.64,2.61,2.62,5446727.0,2.62
2013-12-06 00:00:00.005,2.62,2.65,2.61,2.63,4203787.0,2.63
2013-12-09 00:00:00.005,2.64,2.64,2.61,2.63,4487959.0,2.63
2013-12-10 00:00:00.005,2.63,2.71,2.62,2.66,12419769.0,2.66
2013-12-11 00:00:00.005,2.65,2.73,2.6,2.64,11840815.0,2.64
2013-12-12 00:00:00.005,2.65,2.78,2.63,2.7,17234394.0,2.7
2013-12-13 00:00:00.005,2.69,2.69,2.63,2.65,9763545.0,2.65
2013-12-16 00:00:00.005,2.65,2.65,2.57,2.58,5409519.0,2.58
2013-12-17 00:00:00.005,2.58,2.6,2.55,2.56,3335293.0,2.56
2013-12-18 00:00:00.005,2.56,2.58,2.55,2.56,3028050.0,2.56
2013-12-19 00:00:00.005,2.56,2.58,2.52,2.53,3464996.0,2.53
2013-12-20 00:00:00.005,2.53,2.54,2.49,2.5,3720849.0,2.5
2013-12-23 00:00:00.005,2.5,2.5,2.45,2.45,3352218.0,2.45
2013-12-24 00:00:00.005,2.48,2.53,2.46,2.49,2924551.0,2.49
2013-12-25 00:00:00.005,2.48,2.5,2.46,2.49,2900570.0,2.49
2013-12-26 00:00:00.005,2.49,2.49,2.43,2.44,3278612.0,2.44
2013-12-27 00:00:00.005,2.44,2.47,2.41,2.46,3322869.0,2.46
2013-12-30 00:00:00.005,2.46,2.52,2.46,2.48,3308456.0,2.48
2013-12-31 00:00:00.005,2.49,2.54,2.48,2.5,3949888.0,2.5
2014-01-02 00:00:00.005,2.5,2.52,2.47,2.49,2999774.0,2.49
2014-01-03 00:00:00.005,2.49,2.49,2.44,2.46,2263577.0,2.46
2014-01-06 00:00:00.005,2.44,2.46,2.37,2.38,4356087.0,2.38
2014-01-07 00:00:00.005,2.39,2.53,2.36,2.45,6390548.0,2.45
2014-01-08 00:00:00.005,2.43,2.45,2.38,2.41,3800009.0,2.41
2014-01-09 00:00:00.005,2.4,2.41,2.37,2.38,2826600.0,2.38
2014-01-10 00:00:00.005,2.38,2.38,2.3,2.31,3759350.0,2.31
2014-01-13 00:00:00.005,2.31,2.34,2.29,2.3,2164531.0,2.3
2014-01-14 00:00:00.005,2.31,2.35,2.28,2.35,3246558.0,2.35
2014-01-15 00:00:00.005,2.35,2.35,2.32,2.34,1486512.0,2.34
2014-01-16 00:00:00.005,2.33,2.37,2.32,2.36,2236472.0,2.36
2014-01-17 00:00:00.005,2.35,2.36,2.3,2.31,1997662.0,2.31
2014-01-20 00:00:00.005,2.31,2.32,2.28,2.3,1360182.0,2.3
2014-01-21 00:00:00.005,2.3,2.32,2.29,2.32,2607180.0,2.32
2014-01-22 00:00:00.005,2.31,2.38,2.3,2.37,4823421.0,2.37
2014-01-23 00:00:00.005,2.37,2.38,2.35,2.35,2368287.0,2.35
2014-01-24 00:00:00.005,2.34,2.4,2.34,2.39,4069775.0,2.39
2014-01-27 00:00:00.005,2.36,2.38,2.35,2.37,3124220.0,2.37
2014-01-28 00:00:00.005,2.37,2.39,2.36,2.38,3144400.0,2.38
2014-01-29 00:00:00.005,2.38,2.4,2.37,2.38,2501491.0,2.38
2014-01-30 00:00:00.005,2.37,2.37,2.34,2.35,1674540.0,2.35
2014-02-07 00:00:00.005,2.34,2.36,2.31,2.36,2274160.0,2.36
2014-02-10 00:00:00.005,2.35,2.42,2.35,2.41,5956892.0,2.41
2014-02-11 00:00:00.005,2.41,2.43,2.39,2.42,5506236.0,2.42
2014-02-12 00:00:00.005,2.42,2.47,2.41,2.46,6035663.0,2.46
2014-02-13 00:00:00.005,2.47,2.49,2.43,2.44,4571433.0,2.44
2014-02-14 00:00:00.005,2.43,2.47,2.43,2.47,5355472.0,2.47
2014-02-17 00:00:00.005,2.46,2.52,2.46,2.49,8801327.0,2.49
2014-02-18 00:00:00.005,2.5,2.5,2.45,2.47,5740164.0,2.47
2014-02-19 00:00:00.005,2.47,2.51,2.46,2.5,7285022.0,2.5
2014-02-20 00:00:00.005,2.5,2.52,2.47,2.47,6365267.0,2.47
2014-02-21 00:00:00.005,2.46,2.48,2.41,2.43,4405374.0,2.43
2014-02-24 00:00:00.005,2.43,2.43,2.37,2.37,3938524.0,2.37
2014-02-25 00:00:00.005,2.38,2.41,2.32,2.34,5300375.0,2.34
2014-02-26 00:00:00.005,2.34,2.36,2.3,2.35,4103706.0,2.35
2014-02-27 00:00:00.005,2.34,2.37,2.31,2.32,3645643.0,2.32
2014-02-28 00:00:00.005,2.32,2.35,2.31,2.35,2596142.0,2.35
2014-03-03 00:00:00.005,2.35,2.45,2.33,2.43,6353243.0,2.43
2014-03-04 00:00:00.005,2.43,2.43,2.37,2.4,4551315.0,2.4
2014-03-05 00:00:00.005,2.41,2.42,2.37,2.38,3278214.0,2.38
2014-03-06 00:00:00.005,2.38,2.45,2.33,2.41,6868786.0,2.41
2014-03-07 00:00:00.005,2.4,2.41,2.35,2.36,4948883.0,2.36
2014-03-10 00:00:00.005,2.37,2.37,2.28,2.28,4529589.0,2.28
2014-03-11 00:00:00.005,2.27,2.32,2.27,2.31,3496869.0,2.31
2014-03-12 00:00:00.005,2.31,2.38,2.29,2.34,6208040.0,2.34
2014-03-13 00:00:00.005,2.34,2.36,2.31,2.33,6677786.0,2.33
2014-03-14 00:00:00.005,2.33,2.36,2.31,2.35,4456891.0,2.35
2014-03-17 00:00:00.005,2.34,2.36,2.33,2.35,4274734.0,2.35
2014-03-18 00:00:00.005,2.34,2.36,2.33,2.34,4415475.0,2.34
2014-03-19 00:00:00.005,2.34,2.38,2.32,2.37,6961058.0,2.37
2014-03-20 00:00:00.005,2.35,2.39,2.33,2.33,4726948.0,2.33
2014-03-21 00:00:00.005,2.33,2.48,2.32,2.42,15014881.0,2.42
2014-03-24 00:00:00.005,2.4,2.49,2.39,2.46,16061652.0,2.46
2014-03-25 00:00:00.005,2.45,2.53,2.44,2.5,18126365.0,2.5
2014-03-26 00:00:00.005,2.5,2.5,2.41,2.45,10073604.0,2.45
2014-03-27 00:00:00.005,2.45,2.66,2.42,2.51,31426554.0,2.51
2014-03-28 00:00:00.005,2.46,2.76,2.45,2.65,44524108.0,2.65
2014-03-31 00:00:00.005,2.6,2.62,2.47,2.53,19444592.0,2.53
2014-04-01 00:00:00.005,2.54,2.56,2.5,2.52,10022196.0,2.52
2014-04-02 00:00:00.005,2.52,2.64,2.51,2.57,21789473.0,2.57
2014-04-03 00:00:00.005,2.56,2.57,2.47,2.48,13296245.0,2.48
2014-04-04 00:00:00.005,2.48,2.51,2.46,2.49,7774700.0,2.49
2014-04-08 00:00:00.005,2.48,2.51,2.47,2.5,6413900.0,2.5
2014-04-09 00:00:00.005,2.49,2.51,2.48,2.51,6585293.0,2.51
2014-04-10 00:00:00.005,2.51,2.52,2.48,2.49,7816330.0,2.49
2014-04-11 00:00:00.005,2.48,2.49,2.46,2.48,7859529.0,2.48
2014-04-14 00:00:00.005,2.49,2.49,2.45,2.47,4438428.0,2.47
2014-04-15 00:00:00.005,2.46,2.48,2.44,2.45,3673991.0,2.45
2014-04-16 00:00:00.005,2.46,2.49,2.45,2.49,6239423.0,2.49
2014-04-17 00:00:00.005,2.48,2.49,2.44,2.46,4177335.0,2.46
2014-04-18 00:00:00.005,2.45,2.46,2.43,2.44,4065219.0,2.44
2014-04-21 00:00:00.005,2.43,2.44,2.36,2.38,5157899.0,2.38
2014-04-22 00:00:00.005,2.38,2.39,2.35,2.39,4369860.0,2.39
2014-04-23 00:00:00.005,2.4,2.4,2.36,2.38,2571068.0,2.38
2014-04-24 00:00:00.005,2.37,2.43,2.36,2.37,4011900.0,2.37
2014-04-25 00:00:00.005,2.37,2.38,2.27,2.28,7588165.0,2.28
2014-04-28 00:00:00.005,2.29,2.31,2.21,2.24,5559408.0,2.24
2014-04-29 00:00:00.005,2.22,2.26,2.22,2.26,3654306.0,2.26
2014-04-30 00:00:00.005,2.25,2.29,2.25,2.29,3112219.0,2.29
2014-05-05 00:00:00.005,2.28,2.33,2.28,2.29,3363693.0,2.29
2014-05-06 00:00:00.005,2.29,2.31,2.28,2.29,2576125.0,2.29
2014-05-07 00:00:00.005,2.29,2.3,2.25,2.26,2461099.0,2.26
2014-05-08 00:00:00.005,2.25,2.32,2.24,2.28,4053089.0,2.28
2014-05-09 00:00:00.005,2.28,2.28,2.22,2.25,5187939.0,2.25
2014-05-12 00:00:00.005,2.27,2.3,2.25,2.3,4019626.0,2.3
2014-05-13 00:00:00.005,2.3,2.32,2.29,2.29,3217428.0,2.29
2014-05-14 00:00:00.005,2.33,2.38,2.3,2.31,5002365.0,2.31
2014-05-15 00:00:00.005,2.29,2.3,2.25,2.25,3730400.0,2.25
2014-05-16 00:00:00.005,2.25,2.27,2.24,2.26,1588412.0,2.26
2014-05-19 00:00:00.005,2.27,2.27,2.22,2.24,3017115.0,2.24
2014-05-20 00:00:00.005,2.25,2.27,2.24,2.24,1686298.0,2.24
2014-05-21 00:00:00.005,2.23,2.26,2.23,2.25,1623445.0,2.25
2014-05-22 00:00:00.005,2.24,2.28,2.24,2.24,2629345.0,2.24
2014-05-23 00:00:00.005,2.25,2.27,2.24,2.27,3142135.0,2.27
2014-05-26 00:00:00.005,2.27,2.28,2.25,2.27,2635910.0,2.27
2014-05-27 00:00:00.005,2.27,2.28,2.26,2.27,2822992.0,2.27
2014-05-28 00:00:00.005,2.26,2.29,2.25,2.28,4041682.0,2.28
2014-05-29 00:00:00.005,2.28,2.29,2.25,2.26,2808705.0,2.26
2014-05-30 00:00:00.005,2.26,2.26,2.22,2.25,3778868.0,2.25
2014-06-03 00:00:00.005,2.25,2.28,2.25,2.26,4065009.0,2.26
2014-06-04 00:00:00.005,2.25,2.27,2.22,2.22,3186410.0,2.22
2014-06-05 00:00:00.005,2.22,2.24,2.22,2.24,2089793.0,2.24
2014-06-06 00:00:00.005,2.23,2.25,2.2,2.22,3260005.0,2.22
2014-06-09 00:00:00.005,2.21,2.25,2.21,2.22,2419353.0,2.22
2014-06-10 00:00:00.005,2.23,2.25,2.21,2.24,3303922.0,2.24
2014-06-11 00:00:00.005,2.24,2.25,2.22,2.24,1824723.0,2.24
2014-06-12 00:00:00.005,2.24,2.24,2.22,2.24,2713226.0,2.24
2014-06-13 00:00:00.005,2.23,2.26,2.22,2.25,3386173.0,2.25
2014-06-16 00:00:00.005,2.25,2.33,2.24,2.27,6663928.0,2.27
2014-06-17 00:00:00.005,2.25,2.25,2.23,2.24,4116336.0,2.24
2014-06-18 00:00:00.005,2.25,2.25,2.23,2.24,2661551.0,2.24
2014-06-19 00:00:00.005,2.23,2.24,2.18,2.19,3671135.0,2.19
2014-06-20 00:00:00.005,2.19,2.21,2.18,2.2,2217911.0,2.2
2014-06-23 00:00:00.005,2.2,2.22,2.19,2.21,2410925.0,2.21
2014-06-24 00:00:00.005,2.21,2.22,2.19,2.22,2467921.0,2.22
2014-06-25 00:00:00.005,2.21,2.22,2.19,2.2,2186215.0,2.2
2014-06-26 00:00:00.005,2.2,2.24,2.2,2.23,3874872.0,2.23
2014-06-27 00:00:00.005,2.23,2.27,2.22,2.26,6147975.0,2.26
2014-06-30 00:00:00.005,2.26,2.27,2.24,2.26,4477203.0,2.26
2014-07-01 00:00:00.005,2.25,2.28,2.25,2.27,5500013.0,2.27
2014-07-02 00:00:00.005,2.27,2.29,2.26,2.28,4157537.0,2.28
2014-07-03 00:00:00.005,2.28,2.5,2.27,2.38,30458956.0,2.38
2014-07-04 00:00:00.005,2.36,2.48,2.32,2.39,22294558.0,2.39
2014-07-07 00:00:00.005,2.4,2.4,2.34,2.35,13108557.0,2.35
2014-07-08 00:00:00.005,2.35,2.35,2.3,2.33,11129728.0,2.33
2014-07-09 00:00:00.005,2.31,2.34,2.28,2.29,7322004.0,2.29
2014-07-10 00:00:00.005,2.29,2.32,2.28,2.29,5780852.0,2.29
2014-07-11 00:00:00.005,2.28,2.32,2.28,2.31,5610632.0,2.31
2014-07-14 00:00:00.005,2.31,2.36,2.3,2.33,8183637.0,2.33
2014-07-15 00:00:00.005,2.33,2.35,2.32,2.35,7842361.0,2.35
2014-07-16 00:00:00.005,2.35,2.38,2.34,2.35,9083106.0,2.35
2014-07-17 00:00:00.005,2.35,2.36,2.31,2.32,6013997.0,2.32
2014-07-18 00:00:00.005,2.32,2.41,2.31,2.37,15770943.0,2.37
2014-07-21 00:00:00.005,2.36,2.37,2.32,2.33,7321840.0,2.33
2014-07-22 00:00:00.005,2.33,2.37,2.32,2.36,6808420.0,2.36
2014-07-23 00:00:00.005,2.34,2.38,2.34,2.36,8988610.0,2.36
2014-07-24 00:00:00.005,2.36,2.45,2.34,2.4,17452318.0,2.4
2014-07-25 00:00:00.005,2.41,2.42,2.37,2.41,9973608.0,2.41
2014-07-28 00:00:00.005,2.41,2.45,2.4,2.45,15060342.0,2.45
2014-07-29 00:00:00.005,2.45,2.47,2.43,2.45,13775601.0,2.45
2014-07-30 00:00:00.005,2.43,2.46,2.42,2.45,13732727.0,2.45
2014-07-31 00:00:00.005,2.44,2.59,2.43,2.5,27570234.0,2.5
2014-08-01 00:00:00.005,2.48,2.51,2.44,2.45,18247481.0,2.45
2014-08-04 00:00:00.005,2.45,2.51,2.44,2.51,14622611.0,2.51
2014-08-05 00:00:00.005,2.5,2.54,2.48,2.52,13225632.0,2.52
2014-08-06 00:00:00.005,2.51,2.62,2.5,2.59,41044601.0,2.59
2014-08-07 00:00:00.005,2.59,2.6,2.53,2.54,17443607.0,2.54
2014-08-08 00:00:00.005,2.54,2.56,2.52,2.54,8195295.0,2.54
2014-08-11 00:00:00.005,2.53,2.67,2.53,2.61,27964695.0,2.61
2014-08-12 00:00:00.005,2.59,2.62,2.57,2.61,9604081.0,2.61
2014-08-13 00:00:00.005,2.6,2.64,2.57,2.61,15076361.0,2.61
2014-08-14 00:00:00.005,2.6,2.63,2.57,2.59,12993978.0,2.59
2014-08-15 00:00:00.005,2.58,2.62,2.58,2.6,9498892.0,2.6
2014-08-18 00:00:00.005,2.6,2.65,2.6,2.62,15178889.0,2.62
2014-08-19 00:00:00.005,2.62,2.63,2.58,2.61,12779220.0,2.61
2014-08-20 00:00:00.005,2.6,2.65,2.59,2.64,23347726.0,2.64
2014-08-21 00:00:00.005,2.63,2.64,2.57,2.61,20639333.0,2.61
2014-08-22 00:00:00.005,2.6,2.64,2.6,2.63,16736810.0,2.63
2014-08-25 00:00:00.005,2.63,2.69,2.6,2.63,21087982.0,2.63
2014-08-26 00:00:00.005,2.63,2.64,2.54,2.55,14909499.0,2.55
2014-08-27 00:00:00.005,2.55,2.63,2.54,2.63,18830768.0,2.63
2014-08-28 00:00:00.005,2.62,2.62,2.54,2.55,11851698.0,2.55
2014-08-29 00:00:00.005,2.55,2.58,2.54,2.58,6828842.0,2.58
2014-09-01 00:00:00.005,2.57,2.64,2.57,2.64,13219818.0,2.64
2014-09-02 00:00:00.005,2.63,2.66,2.61,2.66,13613156.0,2.66
2014-09-03 00:00:00.005,2.65,2.69,2.64,2.67,18050272.0,2.67
2014-09-04 00:00:00.005,2.67,2.7,2.65,2.7,15843863.0,2.7
2014-09-05 00:00:00.005,2.7,2.7,2.66,2.67,16563054.0,2.67
2014-09-09 00:00:00.005,2.68,2.73,2.68,2.71,19974420.0,2.71
2014-09-10 00:00:00.005,2.71,2.74,2.68,2.72,13383148.0,2.72
2014-09-11 00:00:00.005,2.72,2.84,2.72,2.78,39527667.0,2.78
2014-09-12 00:00:00.005,2.76,3.06,2.75,3.06,67616535.0,3.06
2014-09-15 00:00:00.005,3.12,3.37,3.08,3.37,124392314.0,3.37
2014-09-16 00:00:00.005,3.52,3.71,3.52,3.71,56531334.0,3.71
2014-09-17 00:00:00.005,3.89,4.08,3.8,4.08,201168220.0,4.08
2014-09-18 00:00:00.005,4.1,4.23,3.88,3.97,183455589.0,3.97
2014-09-19 00:00:00.005,3.9,4.09,3.8,3.95,149407739.0,3.95
2014-09-22 00:00:00.005,3.8,3.97,3.76,3.92,106554282.0,3.92
2014-09-23 00:00:00.005,3.87,4.01,3.83,3.89,92172192.0,3.89
2014-09-24 00:00:00.005,3.84,4.2,3.81,3.93,147467185.0,3.93
2014-09-25 00:00:00.005,3.86,4.32,3.84,4.32,142373673.0,4.32
2014-09-26 00:00:00.005,4.4,4.57,4.08,4.11,168474929.0,4.11
2014-09-29 00:00:00.005,4.05,4.09,3.94,3.98,90895707.0,3.98
2014-09-30 00:00:00.005,3.97,4.01,3.93,3.95,42904029.0,3.95
2014-10-08 00:00:00.005,3.98,4.09,3.96,4.07,57510897.0,4.07
2014-10-09 00:00:00.005,4.07,4.07,3.94,3.99,51452487.0,3.99
2014-10-10 00:00:00.005,3.98,4.13,3.91,4.06,66448235.0,4.06
2014-10-13 00:00:00.005,4.02,4.08,3.95,4.06,40370732.0,4.06
2014-10-14 00:00:00.005,4.06,4.47,4.03,4.3,134185035.0,4.3
2014-10-15 00:00:00.005,4.22,4.27,4.11,4.17,53667287.0,4.17
2014-10-16 00:00:00.005,4.12,4.12,4.01,4.01,39014449.0,4.01
2014-10-17 00:00:00.005,3.97,4.08,3.96,4.06,31602277.0,4.06
2014-10-20 00:00:00.005,4.05,4.05,3.96,4.04,21862186.0,4.04
2014-10-21 00:00:00.005,4.03,4.11,3.92,4.06,39518923.0,4.06
2014-10-22 00:00:00.005,4.06,4.34,4.04,4.16,70677741.0,4.16
2014-10-23 00:00:00.005,4.17,4.18,3.85,3.91,53283230.0,3.91
2014-10-24 00:00:00.005,3.85,3.91,3.68,3.7,42277799.0,3.7
2014-10-27 00:00:00.005,3.7,3.73,3.58,3.68,21376013.0,3.68
2014-10-28 00:00:00.005,3.71,3.84,3.7,3.83,28285781.0,3.83
2014-10-29 00:00:00.005,3.85,3.91,3.77,3.88,31328781.0,3.88
2014-10-30 00:00:00.005,3.87,3.9,3.79,3.83,34256105.0,3.83
2014-10-31 00:00:00.005,3.83,4.04,3.8,3.9,39416858.0,3.9
2014-11-03 00:00:00.005,3.91,3.94,3.85,3.92,25394234.0,3.92
2014-11-04 00:00:00.005,3.9,3.95,3.85,3.91,27126510.0,3.91
2014-11-05 00:00:00.005,3.91,3.93,3.86,3.87,18428615.0,3.87
2014-11-06 00:00:00.005,3.87,3.88,3.77,3.82,20120745.0,3.82
2014-11-07 00:00:00.005,3.84,3.84,3.71,3.72,19941145.0,3.72
2014-11-10 00:00:00.005,3.71,3.9,3.71,3.82,21087889.0,3.82
2014-11-11 00:00:00.005,3.83,3.84,3.61,3.63,24304376.0,3.63
2014-11-12 00:00:00.005,3.61,3.71,3.61,3.71,10315131.0,3.71
2014-11-13 00:00:00.005,3.72,3.74,3.64,3.7,12749419.0,3.7
2014-11-14 00:00:00.005,3.7,3.7,3.62,3.65,11424348.0,3.65
2014-11-17 00:00:00.005,3.67,3.73,3.64,3.69,11448323.0,3.69
2014-11-18 00:00:00.005,3.69,3.81,3.69,3.78,20921693.0,3.78
2014-11-19 00:00:00.005,3.8,3.81,3.72,3.76,10210002.0,3.76
2014-11-20 00:00:00.005,3.74,3.75,3.69,3.69,10189135.0,3.69
2014-11-21 00:00:00.005,3.7,3.92,3.67,3.82,31170766.0,3.82
2014-11-24 00:00:00.005,3.92,4.02,3.9,3.96,54031184.0,3.96
2014-11-25 00:00:00.005,3.96,4.15,3.92,3.95,35650085.0,3.95
2014-11-26 00:00:00.005,3.94,3.95,3.86,3.93,23968611.0,3.93
2014-11-27 00:00:00.005,3.93,4.02,3.9,3.98,33343100.0,3.98
2014-11-28 00:00:00.005,3.97,4.05,3.92,4.0,40809771.0,4.0
2014-12-01 00:00:00.005,3.99,4.0,3.9,3.91,25251100.0,3.91
2014-12-02 00:00:00.005,3.92,3.95,3.9,3.92,24898777.0,3.92
2014-12-03 00:00:00.005,3.93,4.1,3.92,3.96,49375466.0,3.96
2014-12-04 00:00:00.005,4.0,4.03,3.95,3.98,47147949.0,3.98
2014-12-05 00:00:00.005,4.01,4.03,3.74,3.82,46869002.0,3.82
2014-12-08 00:00:00.005,3.81,3.9,3.73,3.86,28489517.0,3.86
2014-12-09 00:00:00.005,3.86,4.0,3.75,3.77,58667732.0,3.77
2014-12-10 00:00:00.005,3.71,3.95,3.68,3.93,35769874.0,3.93
2014-12-11 00:00:00.005,3.95,4.32,3.91,4.32,107959833.0,4.32
2014-12-12 00:00:00.005,4.35,4.65,4.15,4.48,149899070.0,4.48
2014-12-15 00:00:00.005,4.44,4.44,4.21,4.3,64027717.0,4.3
2014-12-16 00:00:00.005,4.3,4.5,4.25,4.42,70013795.0,4.42
2014-12-17 00:00:00.005,4.42,4.62,4.3,4.5,76942239.0,4.5
2014-12-18 00:00:00.005,4.49,4.53,4.24,4.29,54394966.0,4.29
2014-12-19 00:00:00.005,4.12,4.28,3.91,4.11,56351948.0,4.11
2014-12-22 00:00:00.005,4.08,4.08,3.91,3.94,39007151.0,3.94
2014-12-23 00:00:00.005,3.97,4.14,3.9,3.99,30177745.0,3.99
2014-12-24 00:00:00.005,4.05,4.05,3.9,3.97,20907016.0,3.97
2014-12-25 00:00:00.005,3.98,4.04,3.95,4.0,17277596.0,4.0
2014-12-26 00:00:00.005,4.0,4.14,3.98,4.1,37572053.0,4.1
2014-12-29 00:00:00.005,4.1,4.1,4.1,4.1,0.0,4.1
2014-12-30 00:00:00.005,4.1,4.1,4.1,4.1,0.0,4.1
2014-12-31 00:00:00.005,4.1,4.1,4.1,4.1,0.0,4.1
2015-01-05 00:00:00.005,4.1,4.1,4.1,4.1,0.0,4.1
2015-01-06 00:00:00.005,4.1,4.1,4.1,4.1,0.0,4.1
2015-01-07 00:00:00.005,4.1,4.1,4.1,4.1,0.0,4.1
2015-01-08 00:00:00.005,4.1,4.1,4.1,4.1,0.0,4.1
2015-01-09 00:00:00.005,4.1,4.1,4.1,4.1,0.0,4.1
2015-01-12 00:00:00.005,4.1,4.1,4.1,4.1,0.0,4.1
2015-01-13 00:00:00.005,4.1,4.1,4.1,4.1,0.0,4.1
2015-01-14 00:00:00.005,4.1,4.1,4.1,4.1,0.0,4.1
2015-01-15 00:00:00.005,4.1,4.1,4.1,4.1,0.0,4.1
2015-01-16 00:00:00.005,4.1,4.1,4.1,4.1,0.0,4.1
2015-01-19 00:00:00.005,4.1,4.1,4.1,4.1,0.0,4.1
2015-01-20 00:00:00.005,4.1,4.1,4.1,4.1,0.0,4.1
2015-01-21 00:00:00.005,4.1,4.1,4.1,4.1,0.0,4.1
2015-01-22 00:00:00.005,4.1,4.1,4.1,4.1,0.0,4.1
2015-01-23 00:00:00.005,4.1,4.1,4.1,4.1,0.0,4.1
2015-01-26 00:00:00.005,4.1,4.1,4.1,4.1,0.0,4.1
2015-01-27 00:00:00.005,4.1,4.1,4.1,4.1,0.0,4.1
2015-01-28 00:00:00.005,4.1,4.1,4.1,4.1,0.0,4.1
2015-01-29 00:00:00.005,4.1,4.1,4.1,4.1,0.0,4.1
2015-01-30 00:00:00.005,4.1,4.1,4.1,4.1,0.0,4.1
2015-02-02 00:00:00.005,4.1,4.1,4.1,4.1,0.0,4.1
2015-02-03 00:00:00.005,4.1,4.1,4.1,4.1,0.0,4.1
2015-02-04 00:00:00.005,4.1,4.1,4.1,4.1,0.0,4.1
2015-02-05 00:00:00.005,4.1,4.1,4.1,4.1,0.0,4.1
2015-02-06 00:00:00.005,4.1,4.1,4.1,4.1,0.0,4.1
2015-02-09 00:00:00.005,4.1,4.1,4.1,4.1,0.0,4.1
2015-02-10 00:00:00.005,4.1,4.1,4.1,4.1,0.0,4.1
2015-02-11 00:00:00.005,4.1,4.1,4.1,4.1,0.0,4.1
2015-02-12 00:00:00.005,4.1,4.1,4.1,4.1,0.0,4.1
2015-02-13 00:00:00.005,4.1,4.1,4.1,4.1,0.0,4.1
2015-02-16 00:00:00.005,4.1,4.1,4.1,4.1,0.0,4.1
2015-02-17 00:00:00.005,4.1,4.1,4.1,4.1,0.0,4.1
2015-02-25 00:00:00.005,4.1,4.1,4.1,4.1,0.0,4.1
2015-02-26 00:00:00.005,4.1,4.1,4.1,4.1,0.0,4.1
2015-02-27 00:00:00.005,4.1,4.1,4.1,4.1,0.0,4.1
2015-03-02 00:00:00.005,4.1,4.1,4.1,4.1,0.0,4.1
2015-03-03 00:00:00.005,4.1,4.1,4.1,4.1,0.0,4.1
2015-03-04 00:00:00.005,4.1,4.1,4.1,4.1,0.0,4.1
2015-03-05 00:00:00.005,4.1,4.1,4.1,4.1,0.0,4.1
2015-03-06 00:00:00.005,4.1,4.1,4.1,4.1,0.0,4.1
2015-03-09 00:00:00.005,4.1,4.1,4.1,4.1,0.0,4.1
2015-03-10 00:00:00.005,4.1,4.1,4.1,4.1,0.0,4.1
2015-03-11 00:00:00.005,4.1,4.1,4.1,4.1,0.0,4.1
2015-03-12 00:00:00.005,4.1,4.1,4.1,4.1,0.0,4.1
2015-03-13 00:00:00.005,4.1,4.1,4.1,4.1,0.0,4.1
2015-03-16 00:00:00.005,4.1,4.1,4.1,4.1,0.0,4.1
2015-03-17 00:00:00.005,4.1,4.1,4.1,4.1,0.0,4.1
2015-03-18 00:00:00.005,4.1,4.1,4.1,4.1,0.0,4.1
2015-03-19 00:00:00.005,4.1,4.1,4.1,4.1,0.0,4.1
2015-03-20 00:00:00.005,4.1,4.1,4.1,4.1,0.0,4.1
2015-03-23 00:00:00.005,4.1,4.1,4.1,4.1,0.0,4.1
2015-03-24 00:00:00.005,4.1,4.1,4.1,4.1,0.0,4.1
2015-03-25 00:00:00.005,4.1,4.1,4.1,4.1,0.0,4.1
2015-03-26 00:00:00.005,4.1,4.1,4.1,4.1,0.0,4.1
2015-03-27 00:00:00.005,4.1,4.1,4.1,4.1,0.0,4.1
2015-03-30 00:00:00.005,4.1,4.1,4.1,4.1,0.0,4.1
2015-03-31 00:00:00.005,4.1,4.1,4.1,4.1,0.0,4.1
2015-04-01 00:00:00.005,4.1,4.1,4.1,4.1,0.0,4.1
2015-04-02 00:00:00.005,4.1,4.1,4.1,4.1,0.0,4.1
2015-04-03 00:00:00.005,4.1,4.1,4.1,4.1,0.0,4.1
2015-04-07 00:00:00.005,4.1,4.1,4.1,4.1,0.0,4.1
2015-04-08 00:00:00.005,4.1,4.1,4.1,4.1,0.0,4.1
2015-04-09 00:00:00.005,4.1,4.1,4.1,4.1,0.0,4.1
2015-04-10 00:00:00.005,4.1,4.1,4.1,4.1,0.0,4.1
2015-04-13 00:00:00.005,4.1,4.1,4.1,4.1,0.0,4.1
2015-04-14 00:00:00.005,4.1,4.1,4.1,4.1,0.0,4.1
2015-04-15 00:00:00.005,4.1,4.1,4.1,4.1,0.0,4.1
2015-04-16 00:00:00.005,4.1,4.1,4.1,4.1,0.0,4.1
2015-04-17 00:00:00.005,4.1,4.1,4.1,4.1,0.0,4.1
2015-04-20 00:00:00.005,4.1,4.1,4.1,4.1,0.0,4.1
2015-04-21 00:00:00.005,4.1,4.1,4.1,4.1,0.0,4.1
2015-04-22 00:00:00.005,4.1,4.1,4.1,4.1,0.0,4.1
2015-04-23 00:00:00.005,4.1,4.1,4.1,4.1,0.0,4.1
2015-04-24 00:00:00.005,4.1,4.1,4.1,4.1,0.0,4.1
2015-04-27 00:00:00.005,4.1,4.1,4.1,4.1,0.0,4.1
2015-04-28 00:00:00.005,4.1,4.1,4.1,4.1,0.0,4.1
2015-04-29 00:00:00.005,4.1,4.1,4.1,4.1,0.0,4.1
2015-04-30 00:00:00.005,4.1,4.1,4.1,4.1,0.0,4.1
2015-05-04 00:00:00.005,4.1,4.1,4.1,4.1,0.0,4.1
2015-05-05 00:00:00.005,4.1,4.1,4.1,4.1,0.0,4.1
2015-05-06 00:00:00.005,4.1,4.1,4.1,4.1,0.0,4.1
2015-05-07 00:00:00.005,4.1,4.1,4.1,4.1,0.0,4.1
2015-05-08 00:00:00.005,4.1,4.1,4.1,4.1,0.0,4.1
2015-05-11 00:00:00.005,4.51,4.51,4.51,4.51,621512.0,4.51
2015-05-12 00:00:00.005,4.96,4.96,4.96,4.96,485683.0,4.96
2015-05-13 00:00:00.005,5.46,5.46,5.46,5.46,686171.0,5.46
2015-05-14 00:00:00.005,6.01,6.01,6.01,6.01,998905.0,6.01
2015-05-15 00:00:00.005,6.61,6.61,6.61,6.61,2084903.0,6.61
2015-05-18 00:00:00.005,7.27,7.27,7.27,7.27,1774423.0,7.27
2015-05-19 00:00:00.005,8.0,8.0,8.0,8.0,2750202.0,8.0
2015-05-20 00:00:00.005,8.8,8.8,8.8,8.8,1104003.0,8.8
2015-05-21 00:00:00.005,9.68,9.68,9.68,9.68,1827882.0,9.68
2015-05-22 00:00:00.005,10.65,10.65,10.65,10.65,6440549.0,10.65
2015-05-25 00:00:00.005,11.72,11.72,11.72,11.72,3214951.0,11.72
2015-05-26 00:00:00.005,12.89,12.89,12.89,12.89,7111674.0,12.89
2015-05-27 00:00:00.005,13.7,14.18,13.2,14.18,147435049.0,14.18
2015-05-28 00:00:00.005,15.2,15.6,14.8,15.6,93616961.0,15.6
2015-05-29 00:00:00.005,16.5,17.06,14.08,15.82,221147477.0,15.82
2015-06-01 00:00:00.005,15.18,15.49,14.61,14.85,125779455.0,14.85
2015-06-02 00:00:00.005,14.86,15.08,13.82,14.28,129013186.0,14.28
2015-06-03 00:00:00.005,14.29,14.35,13.79,14.0,76922384.0,14.0
2015-06-04 00:00:00.005,14.0,14.78,13.0,14.39,107536976.0,14.39
2015-06-05 00:00:00.005,14.45,14.76,13.71,14.01,77834009.0,14.01
2015-06-08 00:00:00.005,14.0,14.0,13.21,13.31,72097579.0,13.31
2015-06-09 00:00:00.005,13.5,13.96,13.41,13.56,50523514.0,13.56
2015-06-10 00:00:00.005,13.56,13.95,13.01,13.82,51300346.0,13.82
2015-06-11 00:00:00.005,13.77,14.3,13.47,14.13,71055641.0,14.13
2015-06-12 00:00:00.005,14.15,14.22,13.8,14.04,58868323.0,14.04
2015-06-15 00:00:00.005,14.06,14.17,13.4,13.46,50264976.0,13.46
2015-06-16 00:00:00.005,13.07,13.3,12.12,12.15,58480865.0,12.15
2015-06-17 00:00:00.005,11.97,12.28,11.19,12.23,61674150.0,12.23
2015-06-18 00:00:00.005,12.0,12.5,11.76,11.78,46762791.0,11.78
2015-06-19 00:00:00.005,11.82,12.38,11.29,11.3,48147478.0,11.3
2015-06-23 00:00:00.005,11.2,11.52,10.17,10.78,50394282.0,10.78
2015-06-24 00:00:00.005,10.98,11.09,10.63,11.04,43339416.0,11.04
2015-06-25 00:00:00.005,11.06,11.51,10.81,11.08,54803581.0,11.08
2015-06-26 00:00:00.005,10.6,10.79,9.97,9.97,37134427.0,9.97
2015-06-29 00:00:00.005,10.28,10.28,8.97,8.97,46301865.0,8.97
2015-06-30 00:00:00.005,8.58,9.31,8.07,9.18,62574215.0,9.18
2015-07-01 00:00:00.005,9.0,9.33,8.26,8.26,49697182.0,8.26
2015-07-02 00:00:00.005,8.1,8.15,7.43,7.43,55748384.0,7.43
2015-07-03 00:00:00.005,7.0,7.3,6.69,6.69,44607191.0,6.69
2015-07-06 00:00:00.005,7.33,7.33,6.02,6.02,66399967.0,6.02
2015-07-07 00:00:00.005,5.72,5.73,5.42,5.42,23399653.0,5.42
2015-07-08 00:00:00.005,5.42,5.42,5.42,5.42,0.0,5.42
2015-07-09 00:00:00.005,5.42,5.42,5.42,5.42,0.0,5.42
2015-07-10 00:00:00.005,5.42,5.42,5.42,5.42,0.0,5.42
2015-07-13 00:00:00.005,5.42,5.42,5.42,5.42,0.0,5.42
2015-07-14 00:00:00.005,5.42,5.42,5.42,5.42,0.0,5.42
2015-07-15 00:00:00.005,5.42,5.42,5.42,5.42,0.0,5.42
2015-07-16 00:00:00.005,5.42,5.42,5.42,5.42,0.0,5.42
2015-07-17 00:00:00.005,5.96,5.96,5.96,5.96,468219.0,5.96
2015-07-20 00:00:00.005,6.56,6.56,6.56,6.56,768057.0,6.56
2015-07-21 00:00:00.005,7.22,7.22,7.22,7.22,9461617.0,7.22
2015-07-22 00:00:00.005,7.94,7.94,7.94,7.94,5705609.0,7.94
2015-07-23 00:00:00.005,8.5,8.73,8.28,8.73,98304618.0,8.73
2015-07-24 00:00:00.005,9.2,9.6,9.1,9.3,185304498.0,9.3
2015-07-27 00:00:00.005,8.99,9.28,8.37,8.37,80396389.0,8.37
2015-07-28 00:00:00.005,7.53,8.33,7.53,7.59,75113455.0,7.59
2015-07-29 00:00:00.005,7.8,8.35,7.5,8.35,61421960.0,8.35
2015-07-30 00:00:00.005,8.58,8.59,7.9,7.97,63270777.0,7.97
2015-07-31 00:00:00.005,7.71,7.96,7.35,7.58,38592045.0,7.58
2015-08-03 00:00:00.005,7.43,7.47,6.84,6.9,33445853.0,6.9
2015-08-04 00:00:00.005,6.9,7.59,6.9,7.59,41391623.0,7.59
2015-08-05 00:00:00.005,7.61,7.99,7.52,7.69,55137426.0,7.69
2015-08-06 00:00:00.005,7.5,8.23,7.3,7.87,49992981.0,7.87
2015-08-07 00:00:00.005,7.95,8.11,7.87,8.02,45724934.0,8.02
2015-08-10 00:00:00.005,8.12,8.48,7.88,8.35,70625642.0,8.35
2015-08-11 00:00:00.005,8.26,8.69,8.17,8.43,72378531.0,8.43
2015-08-12 00:00:00.005,8.3,8.97,8.21,8.48,75573677.0,8.48
2015-08-13 00:00:00.005,8.29,8.89,8.28,8.8,77580240.0,8.8
2015-08-14 00:00:00.005,9.13,9.15,8.71,8.81,76419762.0,8.81
2015-08-17 00:00:00.005,8.82,9.69,8.76,9.69,88629108.0,9.69
2015-08-18 00:00:00.005,9.9,10.1,8.72,8.72,110790439.0,8.72
2015-08-19 00:00:00.005,8.13,9.27,7.86,9.09,71534623.0,9.09
2015-08-20 00:00:00.005,8.82,9.05,8.33,8.42,45264537.0,8.42
2015-08-21 00:00:00.005,8.2,8.42,7.7,7.73,41911571.0,7.73
2015-08-24 00:00:00.005,7.38,7.38,6.96,6.96,27229188.0,6.96
2015-08-25 00:00:00.005,6.26,6.48,6.26,6.26,25344350.0,6.26
2015-08-26 00:00:00.005,6.39,6.52,5.68,5.88,43673840.0,5.88
2015-08-27 00:00:00.005,5.88,5.88,5.88,5.88,0.0,5.88
2015-08-28 00:00:00.005,5.88,5.88,5.88,5.88,0.0,5.88
2015-08-31 00:00:00.005,5.88,5.88,5.88,5.88,0.0,5.88
2015-09-01 00:00:00.005,5.88,5.88,5.88,5.88,0.0,5.88
2015-09-02 00:00:00.005,5.88,5.88,5.88,5.88,0.0,5.88
2015-09-07 00:00:00.005,5.88,5.88,5.88,5.88,0.0,5.88
2015-09-08 00:00:00.005,5.88,5.88,5.88,5.88,0.0,5.88
2015-09-09 00:00:00.005,6.47,6.47,6.47,6.47,794100.0,6.47
2015-09-10 00:00:00.005,7.12,7.12,7.01,7.12,22746546.0,7.12
2015-09-11 00:00:00.005,7.18,7.58,7.1,7.52,73083728.0,7.52
2015-09-14 00:00:00.005,7.34,7.42,6.77,6.77,42173966.0,6.77
2015-09-15 00:00:00.005,6.21,6.5,6.09,6.09,29634772.0,6.09
2015-09-16 00:00:00.005,6.04,6.7,5.93,6.63,42420152.0,6.63
2015-09-17 00:00:00.005,6.6,7.09,6.2,6.3,51033136.0,6.3
2015-09-18 00:00:00.005,6.3,6.41,6.2,6.29,22468338.0,6.29
2015-09-21 00:00:00.005,6.27,6.82,6.16,6.6,36093216.0,6.6
2015-09-22 00:00:00.005,6.6,6.85,6.52,6.72,44744708.0,6.72
2015-09-23 00:00:00.005,6.7,7.0,6.52,6.8,51757098.0,6.8
2015-09-24 00:00:00.005,6.99,7.14,6.71,6.8,44707675.0,6.8
2015-09-25 00:00:00.005,6.7,6.74,6.3,6.36,31697690.0,6.36
2015-09-28 00:00:00.005,6.32,6.55,6.22,6.42,13931217.0,6.42
2015-09-29 00:00:00.005,6.3,6.34,6.11,6.15,19865804.0,6.15
2015-09-30 00:00:00.005,6.21,6.28,6.15,6.18,11438981.0,6.18
2015-10-08 00:00:00.005,6.4,6.66,6.32,6.62,30740473.0,6.62
2015-10-09 00:00:00.005,6.64,6.86,6.52,6.75,38280132.0,6.75
2015-10-12 00:00:00.005,6.7,7.17,6.7,7.08,48456793.0,7.08
2015-10-13 00:00:00.005,7.1,7.79,7.0,7.79,37572075.0,7.79
2015-10-14 00:00:00.005,8.56,8.57,8.2,8.57,141526971.0,8.57
2015-10-15 00:00:00.005,8.7,9.43,8.7,9.43,120303358.0,9.43
2015-10-16 00:00:00.005,10.1,10.37,9.85,10.37,151519059.0,10.37
2015-10-19 00:00:00.005,10.77,10.95,10.0,10.38,261201272.0,10.38
2015-10-20 00:00:00.005,10.11,10.28,9.9,10.18,141222439.0,10.18
2015-10-21 00:00:00.005,10.04,10.37,9.4,9.6,175237413.0,9.6
2015-10-22 00:00:00.005,9.66,10.56,9.55,10.56,157890242.0,10.56
2015-10-23 00:00:00.005,11.0,11.62,10.96,11.62,142833368.0,11.62
2015-10-26 00:00:00.005,12.0,12.37,10.88,11.04,219344136.0,11.04
2015-10-27 00:00:00.005,10.6,11.25,10.25,10.91,131053308.0,10.91
2015-10-28 00:00:00.005,10.69,11.29,10.2,10.42,109422416.0,10.42
2015-10-29 00:00:00.005,10.46,11.35,10.2,10.81,121357336.0,10.81
2015-10-30 00:00:00.005,10.6,10.81,10.0,10.21,106625451.0,10.21
2015-11-02 00:00:00.005,9.74,9.92,9.19,9.19,94229900.0,9.19
2015-11-03 00:00:00.005,9.2,9.65,9.06,9.35,62141173.0,9.35
2015-11-04 00:00:00.005,9.4,10.25,9.25,10.12,97404578.0,10.12
2015-11-05 00:00:00.005,10.05,10.24,9.8,9.85,84694801.0,9.85
2015-11-06 00:00:00.005,9.85,10.18,9.85,9.95,63033598.0,9.95
2015-11-09 00:00:00.005,9.98,10.8,9.97,10.61,112520855.0,10.61
2015-11-10 00:00:00.005,10.5,11.0,10.26,10.56,108691879.0,10.56
2015-11-11 00:00:00.005,10.4,10.7,10.28,10.49,64700599.0,10.49
2015-11-12 00:00:00.005,10.5,11.54,10.21,11.38,182675298.0,11.38
2015-11-13 00:00:00.005,11.0,11.98,10.51,10.99,169769951.0,10.99
2015-11-16 00:00:00.005,10.5,10.81,10.43,10.77,72648969.0,10.77
2015-11-17 00:00:00.005,10.81,11.1,10.5,10.54,72914847.0,10.54
2015-11-18 00:00:00.005,10.6,10.98,10.44,10.49,67371221.0,10.49
2015-11-19 00:00:00.005,10.54,10.78,10.0,10.62,70192943.0,10.62
2015-11-20 00:00:00.005,10.6,10.6,10.31,10.41,59535598.0,10.41
2015-11-23 00:00:00.005,10.37,10.53,10.18,10.24,47664321.0,10.24
2015-11-24 00:00:00.005,10.28,10.41,10.2,10.34,33508645.0,10.34
2015-11-25 00:00:00.005,10.35,10.8,10.24,10.58,60543859.0,10.58
2015-11-26 00:00:00.005,10.63,11.0,10.48,10.58,72973172.0,10.58
2015-11-27 00:00:00.005,10.35,10.45,9.52,9.52,71142840.0,9.52
2015-11-30 00:00:00.005,9.52,9.68,8.61,9.32,53594431.0,9.32
2015-12-01 00:00:00.005,9.26,9.79,9.1,9.53,43135912.0,9.53
2015-12-02 00:00:00.005,9.51,9.9,9.25,9.57,38055573.0,9.57
2015-12-03 00:00:00.005,9.58,9.68,9.46,9.66,31069594.0,9.66
2015-12-04 00:00:00.005,9.67,9.86,9.55,9.66,37535923.0,9.66
2015-12-07 00:00:00.005,9.71,9.82,9.52,9.66,24524204.0,9.66
2015-12-08 00:00:00.005,9.69,9.69,9.15,9.24,31845710.0,9.24
2015-12-09 00:00:00.005,9.16,9.71,9.1,9.57,52989147.0,9.57
2015-12-10 00:00:00.005,9.41,9.54,9.21,9.35,30643001.0,9.35
2015-12-11 00:00:00.005,9.29,9.29,8.9,8.95,27056189.0,8.95
2015-12-14 00:00:00.005,8.9,9.15,8.75,9.11,26015315.0,9.11
2015-12-15 00:00:00.005,9.21,9.38,9.15,9.24,21489153.0,9.24
2015-12-16 00:00:00.005,9.25,9.33,9.16,9.19,21064127.0,9.19
2015-12-17 00:00:00.005,9.25,10.11,9.25,10.11,34459931.0,10.11
2015-12-18 00:00:00.005,11.1,11.1,10.39,10.65,153737549.0,10.65
2015-12-21 00:00:00.005,10.5,10.71,10.28,10.42,66664676.0,10.42
2015-12-22 00:00:00.005,10.42,11.09,10.23,10.7,89457333.0,10.7
2015-12-23 00:00:00.005,10.55,10.64,10.2,10.3,54997857.0,10.3
2015-12-24 00:00:00.005,10.3,10.48,9.9,10.35,44044764.0,10.35
2015-12-25 00:00:00.005,10.34,10.5,10.2,10.37,35590073.0,10.37
2015-12-28 00:00:00.005,10.34,10.48,10.0,10.03,37034893.0,10.03
2015-12-29 00:00:00.005,10.07,10.39,10.0,10.29,33279303.0,10.29
2015-12-30 00:00:00.005,10.22,10.3,10.03,10.18,32114157.0,10.18
2015-12-31 00:00:00.005,10.19,10.24,10.03,10.04,20246248.0,10.04
2016-01-04 00:00:00.005,10.0,10.0,9.04,9.04,32340643.0,9.04
2016-01-05 00:00:00.005,8.16,9.22,8.16,8.9,47180448.0,8.9
2016-01-06 00:00:00.005,8.92,9.18,8.92,9.18,28710071.0,9.18
2016-01-07 00:00:00.005,9.04,9.04,8.26,8.27,8605776.0,8.27
2016-01-08 00:00:00.005,8.61,8.7,7.44,8.3,32367525.0,8.3
2016-01-11 00:00:00.005,8.16,8.25,7.47,7.47,28263977.0,7.47
2016-01-12 00:00:00.005,7.47,7.66,7.18,7.5,21916077.0,7.5
2016-01-13 00:00:00.005,7.6,7.65,7.03,7.11,18566044.0,7.11
2016-01-14 00:00:00.005,6.9,7.45,6.79,7.4,24366566.0,7.4
2016-01-15 00:00:00.005,7.24,7.56,7.0,7.14,22564688.0,7.14
2016-01-18 00:00:00.005,7.01,7.4,6.8,7.27,20648519.0,7.27
2016-01-19 00:00:00.005,7.2,8.0,7.18,8.0,33070596.0,8.0
2016-01-20 00:00:00.005,7.98,8.24,7.86,7.98,45649667.0,7.98
2016-01-21 00:00:00.005,7.77,8.02,7.39,7.41,27071230.0,7.41
2016-01-22 00:00:00.005,7.55,7.69,7.28,7.55,20211112.0,7.55
2016-01-25 00:00:00.005,7.65,7.72,7.51,7.59,14960245.0,7.59
2016-01-26 00:00:00.005,7.49,7.51,6.83,6.83,23454999.0,6.83
2016-01-27 00:00:00.005,6.86,6.96,6.18,6.69,26494432.0,6.69
2016-01-28 00:00:00.005,6.57,6.66,6.2,6.33,17300066.0,6.33
2016-01-29 00:00:00.005,6.29,6.96,6.21,6.96,18242978.0,6.96
2016-02-01 00:00:00.005,7.28,7.48,6.65,6.92,40092618.0,6.92
2016-02-02 00:00:00.005,6.98,7.25,6.83,7.13,29214639.0,7.13
2016-02-03 00:00:00.005,7.03,7.4,6.93,7.25,33325940.0,7.25
2016-02-04 00:00:00.005,7.23,7.45,7.16,7.32,32063181.0,7.32
2016-02-05 00:00:00.005,7.29,7.37,7.09,7.1,18476395.0,7.1
2016-02-15 00:00:00.005,6.81,7.1,6.65,7.0,14800017.0,7.0
2016-02-16 00:00:00.005,7.14,7.7,7.14,7.7,31617611.0,7.7
2016-02-17 00:00:00.005,7.69,7.98,7.54,7.78,46234996.0,7.78
2016-02-18 00:00:00.005,7.78,8.15,7.65,7.76,46591691.0,7.76
2016-02-19 00:00:00.005,7.67,8.11,7.65,7.92,40384870.0,7.92
2016-02-22 00:00:00.005,8.13,8.35,7.93,8.11,43466245.0,8.11
2016-02-23 00:00:00.005,8.04,8.06,7.8,7.92,31440114.0,7.92
2016-02-24 00:00:00.005,7.82,8.04,7.8,7.97,27055116.0,7.97
2016-02-25 00:00:00.005,8.18,8.77,8.05,8.26,137506673.0,8.26
2016-02-26 00:00:00.005,8.3,8.45,7.48,7.7,86384882.0,7.7
2016-02-29 00:00:00.005,7.53,7.53,6.93,6.93,51378500.0,6.93
2016-03-01 00:00:00.005,7.05,7.24,6.93,7.18,38398751.0,7.18
2016-03-02 00:00:00.005,7.18,7.89,7.13,7.66,51916931.0,7.66
2016-03-03 00:00:00.005,7.61,8.3,7.61,7.78,68429790.0,7.78
2016-03-04 00:00:00.005,7.89,8.15,7.4,7.58,67092485.0,7.58
2016-03-07 00:00:00.005,7.84,7.96,7.51,7.7,38272577.0,7.7
2016-03-08 00:00:00.005,7.63,7.68,7.15,7.57,37565522.0,7.57
2016-03-09 00:00:00.005,7.38,7.54,7.2,7.39,24509431.0,7.39
2016-03-10 00:00:00.005,7.44,7.49,7.26,7.27,20113838.0,7.27
2016-03-11 00:00:00.005,7.19,7.33,7.09,7.19,19578893.0,7.19
2016-03-14 00:00:00.005,7.4,7.57,7.33,7.44,28403655.0,7.44
2016-03-15 00:00:00.005,7.44,7.64,7.36,7.46,28808694.0,7.46
2016-03-16 00:00:00.005,7.48,7.59,7.22,7.31,23256383.0,7.31
2016-03-17 00:00:00.005,7.35,7.57,7.31,7.5,31352736.0,7.5
2016-03-18 00:00:00.005,7.54,7.82,7.53,7.75,45057231.0,7.75
2016-03-21 00:00:00.005,7.9,8.2,7.73,8.05,60579073.0,8.05
2016-03-22 00:00:00.005,7.96,8.04,7.84,7.88,41430208.0,7.88
2016-03-23 00:00:00.005,7.81,7.99,7.8,7.94,37915204.0,7.94
2016-03-24 00:00:00.005,7.88,8.03,7.69,7.74,37252881.0,7.74
2016-03-25 00:00:00.005,7.7,7.92,7.67,7.75,20254741.0,7.75
2016-03-28 00:00:00.005,7.79,7.89,7.67,7.68,21442650.0,7.68
2016-03-29 00:00:00.005,7.62,7.7,7.32,7.48,22743378.0,7.48
2016-03-30 00:00:00.005,7.52,7.78,7.5,7.72,20917450.0,7.72
2016-03-31 00:00:00.005,7.75,7.78,7.65,7.67,23198894.0,7.67
2016-04-01 00:00:00.005,7.66,7.67,7.44,7.53,19757861.0,7.53
2016-04-05 00:00:00.005,7.53,7.99,7.53,7.91,42162428.0,7.91
2016-04-06 00:00:00.005,7.87,8.13,7.8,7.9,40796184.0,7.9
2016-04-07 00:00:00.005,7.96,8.1,7.71,7.93,57091008.0,7.93
2016-04-08 00:00:00.005,7.8,8.08,7.6,7.97,51068965.0,7.97
2016-04-11 00:00:00.005,8.02,8.28,7.92,8.03,46125403.0,8.03
2016-04-12 00:00:00.005,7.96,7.99,7.79,7.88,32557278.0,7.88
2016-04-13 00:00:00.005,7.9,8.06,7.9,7.91,38184586.0,7.91
2016-04-14 00:00:00.005,7.96,7.98,7.86,7.94,22770537.0,7.94
2016-04-15 00:00:00.005,7.88,8.0,7.83,7.9,27001476.0,7.9
2016-04-18 00:00:00.005,7.83,7.86,7.7,7.73,18646641.0,7.73
2016-04-19 00:00:00.005,7.78,7.87,7.7,7.78,17870428.0,7.78
2016-04-20 00:00:00.005,7.84,7.84,7.1,7.31,36458011.0,7.31
2016-04-21 00:00:00.005,7.29,7.42,7.2,7.22,17377731.0,7.22
2016-04-22 00:00:00.005,7.17,7.3,7.1,7.26,13984786.0,7.26
2016-04-25 00:00:00.005,7.28,7.28,7.11,7.21,9841577.0,7.21
2016-04-26 00:00:00.005,7.2,7.27,7.18,7.26,8897288.0,7.26
2016-04-27 00:00:00.005,7.27,7.32,7.2,7.22,10504128.0,7.22
2016-04-28 00:00:00.005,7.25,7.26,7.03,7.12,11862886.0,7.12
2016-04-29 00:00:00.005,7.13,7.18,7.1,7.14,6190667.0,7.14
2016-05-03 00:00:00.005,7.14,7.35,7.12,7.35,12649156.0,7.35
2016-05-04 00:00:00.005,7.31,7.48,7.25,7.34,13385439.0,7.34
2016-05-05 00:00:00.005,7.33,7.39,7.28,7.33,9594344.0,7.33
2016-05-06 00:00:00.005,7.32,7.37,7.05,7.06,17535128.0,7.06
2016-05-09 00:00:00.005,7.03,7.04,6.68,6.69,15958087.0,6.69
2016-05-10 00:00:00.005,6.63,6.79,6.63,6.73,8038176.0,6.73
2016-05-11 00:00:00.005,6.76,6.8,6.63,6.67,6226193.0,6.67
2016-05-12 00:00:00.005,6.65,6.65,6.41,6.57,8908125.0,6.57
2016-05-13 00:00:00.005,6.61,7.23,6.57,7.06,46866162.0,7.06
2016-05-16 00:00:00.005,6.95,7.05,6.8,7.03,31304023.0,7.03
2016-05-17 00:00:00.005,7.04,7.23,6.89,7.0,28463732.0,7.0
2016-05-18 00:00:00.005,6.88,6.91,6.55,6.69,18442871.0,6.69
2016-05-19 00:00:00.005,6.7,6.87,6.7,6.72,9704298.0,6.72
2016-05-20 00:00:00.005,6.7,6.85,6.6,6.81,10104729.0,6.81
2016-05-23 00:00:00.005,6.82,6.95,6.8,6.89,11780323.0,6.89
2016-05-24 00:00:00.005,6.87,6.87,6.73,6.79,8384623.0,6.79
2016-05-25 00:00:00.005,6.83,6.9,6.75,6.77,7655831.0,6.77
2016-05-26 00:00:00.005,6.77,6.8,6.62,6.77,8435595.0,6.77
2016-05-27 00:00:00.005,6.75,6.91,6.7,6.8,10034387.0,6.8
2016-05-30 00:00:00.005,6.7,6.78,6.65,6.72,6165942.0,6.72
2016-05-31 00:00:00.005,6.7,6.97,6.7,6.95,16371225.0,6.95
2016-06-01 00:00:00.005,7.04,7.16,6.99,7.03,21179567.0,7.03
2016-06-02 00:00:00.005,7.03,7.14,6.96,7.12,17988243.0,7.12
2016-06-03 00:00:00.005,7.14,7.28,7.08,7.12,23161628.0,7.12
2016-06-06 00:00:00.005,7.12,7.15,7.02,7.05,13775636.0,7.05
2016-06-07 00:00:00.005,7.15,7.28,7.04,7.19,20273394.0,7.19
2016-06-08 00:00:00.005,7.17,7.17,7.01,7.06,13175935.0,7.06
2016-06-13 00:00:00.005,7.01,7.01,6.72,6.72,13681405.0,6.72
2016-06-14 00:00:00.005,6.66,7.39,6.66,7.39,76399284.0,7.39
2016-06-15 00:00:00.005,7.31,8.13,7.23,8.0,119193620.0,8.0
2016-06-16 00:00:00.005,7.91,8.08,7.7,7.82,69968323.0,7.82
2016-06-17 00:00:00.005,7.81,7.96,7.7,7.76,38523388.0,7.76
2016-06-20 00:00:00.005,7.82,7.87,7.61,7.85,26447464.0,7.85
2016-06-21 00:00:00.005,7.88,7.89,7.4,7.49,34632563.0,7.49
2016-06-22 00:00:00.005,7.42,7.69,7.38,7.6,20148774.0,7.6
2016-06-23 00:00:00.005,7.58,7.78,7.5,7.57,16834715.0,7.57
2016-06-24 00:00:00.005,7.57,7.63,7.01,7.63,26145209.0,7.63
2016-06-27 00:00:00.005,7.5,7.72,7.46,7.7,18172943.0,7.7
2016-06-28 00:00:00.005,7.66,7.78,7.6,7.72,16767709.0,7.72
2016-06-29 00:00:00.005,7.71,7.77,7.58,7.61,16511250.0,7.61
2016-06-30 00:00:00.005,7.62,7.66,7.52,7.54,10886049.0,7.54
2016-07-01 00:00:00.005,7.55,7.6,7.44,7.48,10768886.0,7.48
2016-07-04 00:00:00.005,7.42,7.62,7.32,7.57,14579130.0,7.57
2016-07-05 00:00:00.005,7.56,7.64,7.51,7.57,13082722.0,7.57
2016-07-06 00:00:00.005,7.66,7.71,7.56,7.58,20754961.0,7.58
2016-07-07 00:00:00.005,7.61,7.61,7.34,7.5,16902191.0,7.5
2016-07-08 00:00:00.005,7.45,7.58,7.43,7.51,11419052.0,7.51
2016-07-11 00:00:00.005,7.5,7.57,7.47,7.49,10591684.0,7.49
2016-07-12 00:00:00.005,7.46,7.54,7.41,7.54,12188877.0,7.54
2016-07-13 00:00:00.005,7.55,7.63,7.5,7.58,15317734.0,7.58
2016-07-14 00:00:00.005,7.66,8.0,7.63,7.77,39917950.0,7.77
2016-07-15 00:00:00.005,7.95,7.95,7.63,7.71,22430013.0,7.71
2016-07-18 00:00:00.005,7.64,7.77,7.6,7.63,12794563.0,7.63
2016-07-19 00:00:00.005,7.64,7.7,7.53,7.63,9910484.0,7.63
2016-07-20 00:00:00.005,7.75,7.94,7.66,7.72,19970875.0,7.72
2016-07-21 00:00:00.005,7.7,7.78,7.61,7.69,15641529.0,7.69
2016-07-22 00:00:00.005,7.66,7.67,7.57,7.57,13173324.0,7.57
2016-07-25 00:00:00.005,7.5,7.61,7.5,7.55,9320065.0,7.55
2016-07-26 00:00:00.005,7.54,7.61,7.52,7.61,8391984.0,7.61
2016-07-27 00:00:00.005,7.61,7.63,7.1,7.23,20111099.0,7.23
2016-07-28 00:00:00.005,7.24,7.26,7.03,7.2,11063846.0,7.2
2016-07-29 00:00:00.005,7.18,7.22,7.11,7.16,6107570.0,7.16
2016-08-01 00:00:00.005,7.18,7.19,7.02,7.1,6621848.0,7.1
2016-08-02 00:00:00.005,7.1,7.15,7.08,7.15,4481364.0,7.15
2016-08-03 00:00:00.005,7.16,7.34,7.11,7.26,10448058.0,7.26
2016-08-04 00:00:00.005,7.24,7.28,7.16,7.25,6544504.0,7.25
2016-08-05 00:00:00.005,7.24,7.27,7.18,7.19,5363345.0,7.19
2016-08-08 00:00:00.005,7.17,7.33,7.13,7.27,7335285.0,7.27
2016-08-09 00:00:00.005,7.25,7.31,7.22,7.3,8071642.0,7.3
2016-08-10 00:00:00.005,7.3,7.32,7.25,7.28,7445301.0,7.28
2016-08-11 00:00:00.005,7.27,7.32,7.17,7.18,7531828.0,7.18
2016-08-12 00:00:00.005,7.16,7.32,7.16,7.28,7906463.0,7.28
2016-08-15 00:00:00.005,7.3,7.55,7.28,7.45,19753496.0,7.45
2016-08-16 00:00:00.005,7.42,7.58,7.4,7.49,18246304.0,7.49
2016-08-17 00:00:00.005,7.49,7.75,7.45,7.51,21616681.0,7.51
2016-08-18 00:00:00.005,7.48,7.77,7.46,7.64,31358171.0,7.64
2016-08-19 00:00:00.005,7.61,7.74,7.54,7.59,16647730.0,7.59
2016-08-22 00:00:00.005,7.55,7.63,7.43,7.46,11321307.0,7.46
2016-08-23 00:00:00.005,7.45,7.47,7.34,7.45,8991337.0,7.45
2016-08-24 00:00:00.005,7.45,7.54,7.38,7.49,9987590.0,7.49
2016-08-25 00:00:00.005,7.49,7.49,7.25,7.31,12315985.0,7.31
2016-08-26 00:00:00.005,7.39,7.55,7.36,7.39,14362502.0,7.39
2016-08-29 00:00:00.005,7.39,7.63,7.37,7.51,19773810.0,7.51
2016-08-30 00:00:00.005,7.51,7.54,7.42,7.45,9198078.0,7.45
2016-08-31 00:00:00.005,7.44,7.6,7.4,7.51,14158758.0,7.51
2016-09-01 00:00:00.005,7.48,7.54,7.38,7.38,10912800.0,7.38
2016-09-02 00:00:00.005,7.33,7.43,7.25,7.33,9345941.0,7.33
2016-09-05 00:00:00.005,7.34,7.42,7.33,7.36,5953416.0,7.36
2016-09-06 00:00:00.005,7.34,7.47,7.23,7.44,12197219.0,7.44
2016-09-07 00:00:00.005,7.46,7.96,7.43,7.61,40335910.0,7.61
2016-09-08 00:00:00.005,7.53,7.7,7.51,7.59,20315503.0,7.59
2016-09-09 00:00:00.005,7.62,7.62,7.47,7.47,13663902.0,7.47
2016-09-12 00:00:00.005,7.31,7.45,7.26,7.29,14122719.0,7.29
2016-09-13 00:00:00.005,7.34,7.49,7.31,7.42,9779156.0,7.42
2016-09-14 00:00:00.005,7.38,7.4,7.31,7.35,8731866.0,7.35
2016-09-19 00:00:00.005,7.35,7.46,7.3,7.4,9084592.0,7.4
2016-09-20 00:00:00.005,7.44,7.5,7.38,7.46,10246143.0,7.46
2016-09-21 00:00:00.005,7.46,7.49,7.43,7.46,7450620.0,7.46
2016-09-22 00:00:00.005,7.49,7.65,7.49,7.52,17782016.0,7.52
2016-09-23 00:00:00.005,7.53,7.57,7.38,7.4,9902551.0,7.4
2016-09-26 00:00:00.005,7.42,7.43,7.21,7.22,13361418.0,7.22
2016-09-27 00:00:00.005,7.21,7.3,7.19,7.28,6740234.0,7.28
2016-09-28 00:00:00.005,7.28,7.3,7.2,7.2,5955540.0,7.2
2016-09-29 00:00:00.005,7.2,7.31,7.19,7.25,6344520.0,7.25
2016-09-30 00:00:00.005,7.25,7.35,7.22,7.33,7328279.0,7.33
2016-10-10 00:00:00.005,7.36,7.45,7.3,7.4,13545788.0,7.4
2016-10-11 00:00:00.005,7.35,7.62,7.35,7.5,21506052.0,7.5
2016-10-12 00:00:00.005,7.46,7.5,7.4,7.5,9684912.0,7.5
2016-10-13 00:00:00.005,7.48,7.55,7.45,7.49,10972208.0,7.49
2016-10-14 00:00:00.005,7.48,7.77,7.46,7.58,34548048.0,7.58
2016-10-17 00:00:00.005,7.5,7.61,7.37,7.42,18680884.0,7.42
2016-10-18 00:00:00.005,7.42,7.6,7.39,7.6,20802490.0,7.6
2016-10-19 00:00:00.005,7.58,7.6,7.49,7.49,13094262.0,7.49
2016-10-20 00:00:00.005,7.49,7.53,7.45,7.47,10079371.0,7.47
2016-10-21 00:00:00.005,7.48,7.5,7.39,7.46,10002986.0,7.46
2016-10-24 00:00:00.005,7.46,7.55,7.42,7.51,11568344.0,7.51
2016-10-25 00:00:00.005,7.52,7.55,7.48,7.53,10432761.0,7.53
2016-10-26 00:00:00.005,7.53,7.56,7.45,7.48,11722854.0,7.48
2016-10-27 00:00:00.005,7.55,7.58,7.48,7.55,10986485.0,7.55
2016-10-28 00:00:00.005,7.63,7.63,7.38,7.38,16819855.0,7.38
2016-10-31 00:00:00.005,7.38,7.39,7.28,7.36,9129735.0,7.36
2016-11-01 00:00:00.005,7.35,7.42,7.34,7.4,9100830.0,7.4
2016-11-02 00:00:00.005,7.4,7.44,7.31,7.32,8287202.0,7.32
2016-11-03 00:00:00.005,7.3,7.45,7.3,7.38,8799708.0,7.38
2016-11-04 00:00:00.005,7.39,7.46,7.37,7.4,10851734.0,7.4
2016-11-07 00:00:00.005,7.38,7.58,7.35,7.53,22869718.0,7.53
2016-11-08 00:00:00.005,7.53,7.54,7.44,7.49,15342090.0,7.49
2016-11-09 00:00:00.005,7.49,7.49,7.31,7.43,12410058.0,7.43
2016-11-10 00:00:00.005,7.45,7.68,7.44,7.53,22106945.0,7.53
2016-11-11 00:00:00.005,7.53,7.57,7.48,7.56,17810603.0,7.56
2016-11-14 00:00:00.005,7.55,7.58,7.5,7.53,13909645.0,7.53
2016-11-15 00:00:00.005,7.53,7.62,7.5,7.61,19608533.0,7.61
2016-11-16 00:00:00.005,7.7,7.72,7.53,7.57,17964778.0,7.57
2016-11-17 00:00:00.005,7.55,7.57,7.46,7.55,11164791.0,7.55
2016-11-18 00:00:00.005,7.55,7.6,7.48,7.56,14375279.0,7.56
2016-11-21 00:00:00.005,7.55,7.63,7.52,7.54,13090462.0,7.54
2016-11-22 00:00:00.005,7.55,7.62,7.52,7.59,19099688.0,7.59
2016-11-23 00:00:00.005,7.6,7.65,7.53,7.61,22293834.0,7.61
2016-11-24 00:00:00.005,7.57,7.62,7.5,7.55,14650549.0,7.55
2016-11-25 00:00:00.005,7.55,7.6,7.41,7.56,17185868.0,7.56
2016-11-28 00:00:00.005,7.6,7.73,7.53,7.63,32976344.0,7.63
2016-11-29 00:00:00.005,7.6,7.67,7.47,7.48,21347948.0,7.48
2016-11-30 00:00:00.005,7.45,7.51,7.4,7.42,13099496.0,7.42
2016-12-01 00:00:00.005,7.44,7.48,7.41,7.45,8795164.0,7.45
2016-12-02 00:00:00.005,7.46,7.47,7.21,7.24,18624369.0,7.24
2016-12-05 00:00:00.005,7.16,7.24,7.12,7.2,8586003.0,7.2
2016-12-06 00:00:00.005,7.23,7.26,7.17,7.19,6087634.0,7.19
2016-12-07 00:00:00.005,7.21,7.26,7.17,7.26,5744628.0,7.26
2016-12-08 00:00:00.005,7.26,7.27,7.17,7.17,6401219.0,7.17
2016-12-09 00:00:00.005,7.18,7.29,7.16,7.19,6815910.0,7.19
2016-12-12 00:00:00.005,7.21,7.22,6.81,6.83,14877116.0,6.83
2016-12-13 00:00:00.005,6.83,6.91,6.68,6.85,11002313.0,6.85
2016-12-14 00:00:00.005,6.83,6.89,6.72,6.76,6381301.0,6.76
2016-12-15 00:00:00.005,6.77,6.88,6.73,6.82,6627005.0,6.82
2016-12-16 00:00:00.005,6.82,6.99,6.82,6.93,8746542.0,6.93
2016-12-19 00:00:00.005,6.92,7.02,6.91,6.96,6574358.0,6.96
2016-12-20 00:00:00.005,6.94,6.96,6.86,6.89,4677778.0,6.89
2016-12-21 00:00:00.005,6.9,7.1,6.9,7.0,7038683.0,7.0
2016-12-22 00:00:00.005,7.0,7.08,6.94,7.02,6659864.0,7.02
2016-12-23 00:00:00.005,6.98,6.99,6.85,6.86,6450047.0,6.86
2016-12-26 00:00:00.005,6.82,6.87,6.71,6.87,6846586.0,6.87
2016-12-27 00:00:00.005,6.87,6.9,6.84,6.87,4145329.0,6.87
2016-12-28 00:00:00.005,6.87,6.92,6.83,6.86,4447395.0,6.86
2016-12-29 00:00:00.005,6.84,6.84,6.75,6.76,6008696.0,6.76
2016-12-30 00:00:00.005,6.77,6.8,6.75,6.76,3553829.0,6.76
2017-01-03 00:00:00.005,6.76,6.84,6.76,6.83,3704368.0,6.83
2017-01-04 00:00:00.005,6.83,7.12,6.8,7.01,13385338.0,7.01
2017-01-05 00:00:00.005,6.98,7.04,6.9,6.97,9425310.0,6.97
2017-01-06 00:00:00.005,6.96,7.13,6.93,7.03,12180006.0,7.03
2017-01-09 00:00:00.005,6.96,7.11,6.95,7.07,9603739.0,7.07
2017-01-10 00:00:00.005,7.07,7.08,7.01,7.01,5022453.0,7.01
2017-01-11 00:00:00.005,7.01,7.01,6.86,6.86,5459350.0,6.86
2017-01-12 00:00:00.005,6.82,6.88,6.77,6.79,6046866.0,6.79
2017-01-13 00:00:00.005,6.79,6.82,6.68,6.68,6316525.0,6.68
2017-01-16 00:00:00.005,6.71,6.72,6.13,6.44,7339689.0,6.44
2017-01-17 00:00:00.005,6.42,6.52,6.3,6.48,5332774.0,6.48
2017-01-18 00:00:00.005,6.57,6.98,6.53,6.55,14173587.0,6.55
2017-01-19 00:00:00.005,6.45,6.58,6.42,6.44,7072686.0,6.44
2017-01-20 00:00:00.005,6.5,6.54,6.45,6.5,8249606.0,6.5
2017-01-23 00:00:00.005,6.51,6.57,6.49,6.53,6345190.0,6.53
2017-01-24 00:00:00.005,6.54,6.54,6.5,6.51,4362669.0,6.51
2017-01-25 00:00:00.005,6.52,6.53,6.47,6.52,5548418.0,6.52
2017-01-26 00:00:00.005,6.53,6.56,6.52,6.56,5788734.0,6.56
2017-02-03 00:00:00.005,6.57,6.57,6.5,6.53,3517253.0,6.53
2017-02-06 00:00:00.005,6.53,6.56,6.49,6.56,5257252.0,6.56
2017-02-07 00:00:00.005,6.56,6.65,6.52,6.6,6768626.0,6.6
2017-02-08 00:00:00.005,6.58,6.6,6.52,6.59,5541968.0,6.59
2017-02-09 00:00:00.005,6.59,6.64,6.57,6.63,7448362.0,6.63
2017-02-10 00:00:00.005,6.65,6.65,6.61,6.64,6773142.0,6.64
2017-02-13 00:00:00.005,6.64,6.65,6.49,6.63,13189010.0,6.63
2017-02-14 00:00:00.005,6.58,6.6,6.55,6.58,6224200.0,6.58
2017-02-15 00:00:00.005,6.58,6.63,6.54,6.58,9210922.0,6.58
2017-02-16 00:00:00.005,6.57,6.59,6.52,6.57,8214767.0,6.57
2017-02-17 00:00:00.005,6.57,6.68,6.54,6.59,10163569.0,6.59
2017-02-20 00:00:00.005,6.59,6.63,6.55,6.61,7987002.0,6.61
2017-02-21 00:00:00.005,6.62,6.66,6.58,6.66,10672246.0,6.66
2017-02-22 00:00:00.005,6.66,6.66,6.57,6.62,10989031.0,6.62
2017-02-23 00:00:00.005,6.61,6.62,6.55,6.59,10046855.0,6.59
2017-02-24 00:00:00.005,6.56,6.64,6.55,6.63,9304049.0,6.63
2017-02-27 00:00:00.005,6.62,6.63,6.55,6.58,6545929.0,6.58
2017-02-28 00:00:00.005,6.57,6.59,6.53,6.56,6615622.0,6.56
2017-03-01 00:00:00.005,6.56,6.57,6.52,6.57,7109152.0,6.57
2017-03-02 00:00:00.005,6.57,6.58,6.48,6.49,10046257.0,6.49
2017-03-03 00:00:00.005,6.48,6.68,6.44,6.61,23921874.0,6.61
2017-03-06 00:00:00.005,6.6,6.86,6.56,6.74,25332437.0,6.74
2017-03-07 00:00:00.005,6.7,6.72,6.63,6.67,15567051.0,6.67
2017-03-08 00:00:00.005,6.66,6.78,6.62,6.72,18840304.0,6.72
2017-03-09 00:00:00.005,6.72,6.73,6.62,6.68,12068032.0,6.68
2017-03-10 00:00:00.005,6.64,6.72,6.64,6.64,12474710.0,6.64
2017-03-13 00:00:00.005,6.62,6.69,6.51,6.63,15130953.0,6.63
2017-03-14 00:00:00.005,6.64,6.68,6.56,6.58,11397211.0,6.58
2017-03-15 00:00:00.005,6.57,6.57,6.52,6.54,7237268.0,6.54
2017-03-16 00:00:00.005,6.56,6.6,6.55,6.59,7942316.0,6.59
2017-03-17 00:00:00.005,6.59,6.62,6.53,6.55,9057555.0,6.55
2017-03-20 00:00:00.005,6.55,6.55,6.45,6.51,10249340.0,6.51
2017-03-21 00:00:00.005,6.53,6.74,6.53,6.64,20053925.0,6.64
2017-03-22 00:00:00.005,6.6,6.6,6.53,6.55,8845237.0,6.55
2017-03-23 00:00:00.005,6.55,6.58,6.47,6.51,7473887.0,6.51
2017-03-24 00:00:00.005,6.52,6.53,6.47,6.53,5219562.0,6.53
2017-03-27 00:00:00.005,6.53,6.53,6.47,6.48,6251465.0,6.48
2017-03-28 00:00:00.005,6.48,6.49,6.41,6.42,6782161.0,6.42
2017-03-29 00:00:00.005,6.42,6.43,6.34,6.39,9239803.0,6.39
2017-03-30 00:00:00.005,6.36,6.38,6.18,6.23,13311574.0,6.23
2017-03-31 00:00:00.005,6.23,6.27,6.22,6.26,6056641.0,6.26
2017-04-05 00:00:00.005,6.26,6.38,6.25,6.36,8215417.0,6.36
2017-04-06 00:00:00.005,6.34,6.39,6.32,6.37,8040859.0,6.37
2017-04-07 00:00:00.005,6.35,6.49,6.32,6.4,9914099.0,6.4
2017-04-10 00:00:00.005,6.34,6.38,6.28,6.3,7817260.0,6.3
2017-04-11 00:00:00.005,6.31,6.65,6.26,6.58,24369510.0,6.58
2017-04-12 00:00:00.005,6.84,7.05,6.7,6.72,54754610.0,6.72
2017-04-13 00:00:00.005,6.68,6.77,6.5,6.64,25080451.0,6.64
2017-04-14 00:00:00.005,6.58,6.63,6.45,6.45,15729865.0,6.45
2017-04-17 00:00:00.005,6.41,6.43,6.3,6.36,10883423.0,6.36
2017-04-18 00:00:00.005,6.37,6.38,6.3,6.31,6360952.0,6.31
2017-04-19 00:00:00.005,6.29,6.29,6.1,6.19,10280258.0,6.19
2017-04-20 00:00:00.005,6.19,6.23,6.1,6.16,6584395.0,6.16
2017-04-21 00:00:00.005,6.16,6.2,6.13,6.19,4096127.0,6.19
2017-04-24 00:00:00.005,6.19,6.19,5.92,6.01,8168416.0,6.01
2017-04-25 00:00:00.005,6.01,6.07,5.93,5.95,4669017.0,5.95
2017-04-26 00:00:00.005,5.97,6.01,5.93,5.95,4318561.0,5.95
2017-04-27 00:00:00.005,5.94,5.95,5.52,5.8,12406487.0,5.8
2017-04-28 00:00:00.005,5.8,5.84,5.71,5.82,4984699.0,5.82
2017-05-02 00:00:00.005,5.83,5.83,5.7,5.72,4926910.0,5.72
2017-05-03 00:00:00.005,5.74,5.85,5.69,5.78,6520975.0,5.78
2017-05-04 00:00:00.005,5.8,5.83,5.74,5.78,5293001.0,5.78
2017-05-05 00:00:00.005,5.77,5.77,5.61,5.63,5609410.0,5.63
2017-05-08 00:00:00.005,5.65,5.67,5.45,5.47,5727177.0,5.47
2017-05-09 00:00:00.005,5.43,5.52,5.36,5.48,4796445.0,5.48
2017-05-10 00:00:00.005,5.47,5.51,5.27,5.27,5437444.0,5.27
2017-05-11 00:00:00.005,5.26,5.26,5.0,5.15,9761200.0,5.15
2017-05-12 00:00:00.005,5.16,5.26,5.03,5.22,8279146.0,5.22
2017-05-15 00:00:00.005,5.2,5.23,5.14,5.15,3786906.0,5.15
2017-05-16 00:00:00.005,5.16,5.31,5.06,5.29,8329833.0,5.29
2017-05-17 00:00:00.005,5.26,5.34,5.23,5.32,5804001.0,5.32
2017-05-18 00:00:00.005,5.26,5.3,5.22,5.23,3976544.0,5.23
2017-05-19 00:00:00.005,5.23,5.28,5.22,5.25,3501945.0,5.25
